{
  "details": [
    {
      "id": 1,
      "name": "vijay",
      "email": "vijay@gm.com",
      "phone": "8732487331",
      "country": "India"
    },
    {
      "id": 2,
      "name": "ajith",
      "email": "ajith@gm.com",
      "phone": "3442487331",
      "country": "Australia"
    },
    {
      "id": 3,
      "name": "Ronaldo",
      "email": "ronaldo@gm.com",
      "phone": "23432747331",
      "country": "Portugal"
    },
    {
      "id": 4,
      "name": "messi",
      "email": "messi@gm.com",
      "phone": "238473887331",
      "country": "Argentina"
    },
    {
      "id": 5,
      "name": "Neymar",
      "email": "Neymar@gm.com",
      "phone": "4348397331",
      "country": "Brazil"
    },
    {
      "name": "Kamal hassan",
      "email": "kamal@12",
      "phone": "9898989",
      "country": "Germany",
      "id": 6
    }
  ]
}